{"0": {"Cost": 0.06, "Tau": 0.0053, "Distance_4_2": 0.2726552899595045, "Distance_2_2": 0.2776261712710508, "Distance_2_1": 0.2754370925985325, "Distance_1_1": 0.2794012609749071}, "1": {"Cost": 0.04, "Tau": 0.0061, "Distance_4_2": 0.2562891184824691, "Distance_2_2": 0.255752838808904, "Distance_2_1": 0.2593678301513479, "Distance_1_1": 0.2536932576746781}, "2": {"Cost": 0.06, "Tau": 0.0055, "Distance_4_2": 0.2684547713827029, "Distance_2_2": 0.27027366102758, "Distance_2_1": 0.2749068012581441, "Distance_1_1": 0.2794219307590224}, "3": {"Cost": 0.09, "Tau": 0.0052, "Distance_4_2": 0.305783278180908, "Distance_2_2": 0.3034604319427373, "Distance_2_1": 0.3027920998215019, "Distance_1_1": 0.2995658785929393}, "4": {"Cost": 0.04, "Tau": 0.0046, "Distance_4_2": 0.2544244221788565, "Distance_2_2": 0.2587512814754056, "Distance_2_1": 0.2535357289280866, "Distance_1_1": 0.248199960111995}, "5": {"Cost": 0.05, "Tau": 0.0058, "Distance_4_2": 0.2690329245186085, "Distance_2_2": 0.2617792809033756, "Distance_2_1": 0.2690335212201478, "Distance_1_1": 0.2508637594178863}, "6": {"Cost": 0.06, "Tau": 0.0047, "Distance_4_2": 0.2669830826165967, "Distance_2_2": 0.2779873375836417, "Distance_2_1": 0.2734414845308847, "Distance_1_1": 0.2746289056623634}, "7": {"Cost": 0.05, "Tau": 0.0075, "Distance_4_2": 0.2688432681946086, "Distance_2_2": 0.2590997445046314, "Distance_2_1": 0.2674306285255066, "Distance_1_1": 0.2684547713827029}, "8": {"Cost": 0.04, "Tau": 0.0086, "Distance_4_2": 0.2537001444576919, "Distance_2_2": 0.2503050709040437, "Distance_2_1": 0.2562166951549602, "Distance_1_1": 0.2518000964574402}, "9": {"Cost": 0.08, "Tau": 0.0044, "Distance_4_2": 0.2930361504936842, "Distance_2_2": 0.2986013230437169, "Distance_2_1": 0.2935528749128491, "Distance_1_1": 0.2879446335004658}, "10": {"Cost": 0.05, "Tau": 0.0066, "Distance_4_2": 0.2682409658915315, "Distance_2_2": 0.2684571259658633, "Distance_2_1": 0.2679617804132272, "Distance_1_1": 0.2651226900267571}, "11": {"Cost": 0.07, "Tau": 0.0052, "Distance_4_2": 0.2861313894659174, "Distance_2_2": 0.283229248837631, "Distance_2_1": 0.28435221218379, "Distance_1_1": 0.2872983888777752}, "12": {"Cost": 0.06, "Tau": 0.0054, "Distance_4_2": 0.2783621350801442, "Distance_2_2": 0.2774322119616688, "Distance_2_1": 0.2758134160457238, "Distance_1_1": 0.2702698120520081}, "13": {"Cost": 0.04, "Tau": 0.0079, "Distance_4_2": 0.2571193917234455, "Distance_2_2": 0.2573784964410958, "Distance_2_1": 0.2573094732796963, "Distance_1_1": 0.2455132481507876}, "14": {"Cost": 0.07, "Tau": 0.0022, "Distance_4_2": 0.2807365339134664, "Distance_2_2": 0.2797527866738983, "Distance_2_1": 0.2873407832364245, "Distance_1_1": 0.2792192477661916}, "15": {"Cost": 0.05, "Tau": 0.0024, "Distance_4_2": 0.2664318858833272, "Distance_2_2": 0.2667587580067073, "Distance_2_1": 0.2658363548770216, "Distance_1_1": 0.2605403811566282}, "16": {"Cost": 0.07, "Tau": 0.0012, "Distance_4_2": 0.2884562863164614, "Distance_2_2": 0.2813702584992245, "Distance_2_1": 0.2876907648525164, "Distance_1_1": 0.1219665875911762}, "17": {"Cost": 0.05, "Tau": 0.0069, "Distance_4_2": 0.2622709080040514, "Distance_2_2": 0.2623826971321421, "Distance_2_1": 0.262678819135447, "Distance_1_1": 0.2640774100239507}, "18": {"Cost": 0.07, "Tau": 0.0065, "Distance_4_2": 0.2793504944532674, "Distance_2_2": 0.2862454926810089, "Distance_2_1": 0.2890234516603377, "Distance_1_1": 0.2893749291317956}, "19": {"Cost": 0.06, "Tau": 0.0073, "Distance_4_2": 0.2791901699219479, "Distance_2_2": 0.2727965942906982, "Distance_2_1": 0.2786585478723211, "Distance_1_1": 0.2785782432162631}, "20": {"Cost": 0.06, "Tau": 0.0091, "Distance_4_2": 0.2776387151626728, "Distance_2_2": 0.2727140034782369, "Distance_2_1": 0.2747011066180336, "Distance_1_1": 0.2663259098711936}, "21": {"Cost": 0.05, "Tau": 0.0067, "Distance_4_2": 0.2679982582040285, "Distance_2_2": 0.2681606747177842, "Distance_2_1": 0.2669718726980005, "Distance_1_1": 0.2688879230039075}, "22": {"Cost": 0.08, "Tau": 0.0048, "Distance_4_2": 0.2880663505751989, "Distance_2_2": 0.2726156467728148, "Distance_2_1": 0.2934799263479277, "Distance_1_1": 0.2973328710733451}, "23": {"Cost": 0.06, "Tau": 0.0066, "Distance_4_2": 0.2723496196495701, "Distance_2_2": 0.2691660658986532, "Distance_2_1": 0.2784547607858643, "Distance_1_1": 0.2776329236359233}, "24": {"Cost": 0.05, "Tau": 0.0027, "Distance_4_2": 0.2668110217107214, "Distance_2_2": 0.2670203569021386, "Distance_2_1": 0.2681064925386116, "Distance_1_1": 0.2620317027091937}, "25": {"Cost": 0.06, "Tau": 0.0057, "Distance_4_2": 0.278621175966784, "Distance_2_2": 0.2784547607858643, "Distance_2_1": 0.2780140222309121, "Distance_1_1": 0.2609833421323672}, "26": {"Cost": 0.02, "Tau": 0.0029, "Distance_4_2": 0.2315517001869581, "Distance_2_2": 0.23808832512038, "Distance_2_1": 0.2370782200975387, "Distance_1_1": 0.2325014175731309}, "27": {"Cost": 0.04, "Tau": 0.0082, "Distance_4_2": 0.250800671333176, "Distance_2_2": 0.2508637594178863, "Distance_2_1": 0.2575301967468835, "Distance_1_1": 0.2541208056244498}, "28": {"Cost": 0.06, "Tau": 0.0051, "Distance_4_2": 0.2688295152176159, "Distance_2_2": 0.2779927159079648, "Distance_2_1": 0.2759754446971759, "Distance_1_1": 0.2745444857164039}, "29": {"Cost": 0.04, "Tau": 0.0046, "Distance_4_2": 0.2544244221788565, "Distance_2_2": 0.2587512814754056, "Distance_2_1": 0.2535357289280866, "Distance_1_1": 0.248199960111995}, "30": {"Cost": 0.06, "Tau": 0.0038, "Distance_4_2": 0.2754019744651744, "Distance_2_2": 0.2754134880841241, "Distance_2_1": 0.2774910062934408, "Distance_1_1": 0.2760336646533077}, "31": {"Cost": 0.05, "Tau": 0.0065, "Distance_4_2": 0.2685974337777841, "Distance_2_2": 0.2636705887400113, "Distance_2_1": 0.2688955138821609, "Distance_1_1": 0.2636575213555175}, "32": {"Cost": 0.03, "Tau": 0.0048, "Distance_4_2": 0.2461295286813923, "Distance_2_2": 0.2486720292503931, "Distance_2_1": 0.2400202987751114, "Distance_1_1": 0.2441211830151488}, "33": {"Cost": 0.04, "Tau": 0.0054, "Distance_4_2": 0.2579292103236899, "Distance_2_2": 0.2554033787693923, "Distance_2_1": 0.2589799031416472, "Distance_1_1": 0.2404788907310986}, "34": {"Cost": 0.05, "Tau": 0.0011, "Distance_4_2": 0.2693124652352943, "Distance_2_2": 0.2515536464214867, "Distance_2_1": 0.2692418694839151, "Distance_1_1": 0.1095207553139595}, "35": {"Cost": 0.06, "Tau": 0.0056, "Distance_4_2": 0.2705892773107214, "Distance_2_2": 0.2677328295990626, "Distance_2_1": 0.2742609313382714, "Distance_1_1": 0.2609562377214742}, "36": {"Cost": 0.05, "Tau": 0.0056, "Distance_4_2": 0.2684158735178493, "Distance_2_2": 0.2567130366693798, "Distance_2_1": 0.2690329245186085, "Distance_1_1": 0.2515593756246801}, "37": {"Cost": 0.06, "Tau": 0.0056, "Distance_4_2": 0.2705892773107214, "Distance_2_2": 0.2677328295990626, "Distance_2_1": 0.2742609313382714, "Distance_1_1": 0.2609562377214742}, "38": {"Cost": 0.06, "Tau": 0.0082, "Distance_4_2": 0.2784547607858643, "Distance_2_2": 0.2655498903213004, "Distance_2_1": 0.2778742571733382, "Distance_1_1": 0.277757465071924}, "39": {"Cost": 0.05, "Tau": 0.006, "Distance_4_2": 0.2598992319343175, "Distance_2_2": 0.2613882109725631, "Distance_2_1": 0.2675189803780136, "Distance_1_1": 0.2682721390174248}, "40": {"Cost": 0.08, "Tau": 0.0043, "Distance_4_2": 0.2887144348638284, "Distance_2_2": 0.2581653020212354, "Distance_2_1": 0.2930229291635328, "Distance_1_1": 0.2883220328557221}, "41": {"Cost": 0.04, "Tau": 0.0047, "Distance_4_2": 0.2546823848144635, "Distance_2_2": 0.2587512814754056, "Distance_2_1": 0.253606494115994, "Distance_1_1": 0.2445942496125616}, "42": {"Cost": 0.05, "Tau": 0.006, "Distance_4_2": 0.2598992319343175, "Distance_2_2": 0.2613882109725631, "Distance_2_1": 0.2675189803780136, "Distance_1_1": 0.2682721390174248}, "43": {"Cost": 0.08, "Tau": 0.002, "Distance_4_2": 0.2974456135380963, "Distance_2_2": 0.2900383280171774, "Distance_2_1": 0.2976764790027443, "Distance_1_1": 0.2590799399410328}, "44": {"Cost": 0.07, "Tau": 0.0059,