{"layout": {"0": [0, 0], "1": [-6.0, -1.2], "2": [-10.5, -2.4], "3": [-7.5, -2.4], "4": [-4.5, -2.4], "5": [-1.5, -2.4], "6": [-9.0, -3.5999999999999996], "7": [-3.0, -3.5999999999999996], "8": [-6.0, -4.8], "9": [6.0, -1.2], "10": [1.5, -2.4], "11": [4.5, -2.4], "12": [7.5, -2.4], "13": [10.5, -2.4], "14": [3.0, -3.5999999999999996], "15": [9.0, -3.5999999999999996], "16": [6.0, -4.8]}, "initial": "0", "graph": {"0": {"left": [0, "1"], "up": [0, "9"]}, "1": {"left": [0, "2"], "up": [0, "3"], "right": [0, "4"], "farright": [0, "5"]}, "2": {"left": [0, "6"]}, "3": {"left": [0, "6"]}, "4": {"left": [0, "7"]}, "5": {"left": [0, "7"]}, "6": {"left": [0, "8"]}, "7": {"left": [0, "8"]}, "8": {}, "9": {"left": [0, "10"], "up": [0, "11"], "right": [0, "12"], "farright": [0, "13"]}, "10": {"left": [0, "14"]}, "11": {"left": [0, "14"]}, "12": {"left": [0, "15"]}, "13": {"left": [0, "15"]}, "14": {"left": [0, "16"]}, "15": {"left": [0, "16"]}, "16": {}}}