,TrueReward,ExpectedReward,NumActions,NumRepeatActions,NumImmediateRepeatActions,EnvSeed,Time,Tau,Cost,MaxActions,Steps,RolloutDepth,ExplorationCoeff,Discretize,Bins,EnvType
0,91.24027441370836,86.6844294442622,57,13,0,5100,837.00180193,0.005,0.05,200,5000,0,0.5,True,4,5_90
1,10.183384450756089,-2.1596839073603418,24,0,0,5101,431.5503693400001,0.005,0.05,200,5000,0,0.5,True,4,5_90
2,323.2043708327468,285.1058584770967,7,0,0,5102,115.63808390000008,0.005,0.05,200,5000,0,0.5,True,4,5_90
3,245.0578695414409,278.3252745545347,9,0,0,5103,149.73574067999994,0.005,0.05,200,5000,0,0.5,True,4,5_90
4,230.3122360224516,201.20455729314108,11,0,0,5104,174.76989418999983,0.005,0.05,200,5000,0,0.5,True,4,5_90
