,TrueReward,ExpectedReward,NumActions,NumRepeatActions,NumImmediateRepeatActions,EnvSeed,Time,Tau,Cost,MaxActions,Steps,RolloutDepth,ExplorationCoeff,Discretize,Bins,EnvType
0,92.54027441370836,120.79835248281418,31,13,4,5100,406.32548066000004,0.005,0.05,200,5000,3,5.0,True,4,2_36
1,9.733384450756088,6.698932677050914,33,8,1,5101,429.72974996199997,0.005,0.05,200,5000,3,5.0,True,4,2_36
2,86.46494529158004,107.36140861177395,34,11,0,5102,435.878462936,0.005,0.05,200,5000,3,5.0,True,4,2_36
3,51.25034714414701,64.33345979459685,24,7,1,5103,308.4340162629999,0.005,0.05,200,5000,3,5.0,True,4,2_36
4,128.92490954323958,132.6785532902888,24,5,1,5104,288.2109819059999,0.005,0.05,200,5000,3,5.0,True,4,2_36
