,TrueReward,ExpectedReward,NumActions,NumRepeatActions,NumImmediateRepeatActions,EnvSeed,Time,Tau,Cost,MaxActions,Steps,RolloutDepth,ExplorationCoeff,Discretize,Bins,EnvType
0,90.20166144931217,85.41714778319326,27,2,0,5105,365.060083723,0.005,0.05,200,5000,0,0.5,True,4,5_90
1,243.05462224328357,218.36762035028872,12,0,0,5106,179.85966973999996,0.005,0.05,200,5000,0,0.5,True,4,5_90
2,107.845913930551,160.71480317898042,26,0,0,5107,373.78502799500006,0.005,0.05,200,5000,0,0.5,True,4,5_90
3,363.88299754073057,353.875574537191,15,3,0,5108,261.047211575,0.005,0.05,200,5000,0,0.5,True,4,5_90
4,331.02618304096774,353.554568192298,10,0,0,5109,170.4694628740001,0.005,0.05,200,5000,0,0.5,True,4,5_90
