,TrueReward,ExpectedReward,NumActions,NumRepeatActions,NumImmediateRepeatActions,EnvSeed,Time,Tau,Cost,MaxActions,Steps,RolloutDepth,ExplorationCoeff,Discretize,Bins,EnvType
0,105.04353904990994,96.98840668157047,20,2,0,5105,332.803338884,0.005,0.05,200,5000,3,5.0,True,4,2_36
1,155.51325257092134,150.99402749515025,37,15,3,5106,561.45026536,0.005,0.05,200,5000,3,5.0,True,4,2_36
2,107.74591393055101,80.22759388164769,28,9,0,5107,449.0717038580001,0.005,0.05,200,5000,3,5.0,True,4,2_36
3,-27.068143107727806,-21.553909578837665,31,10,2,5108,556.927656631,0.005,0.05,200,5000,3,5.0,True,4,2_36
4,103.48803259873326,129.54343091125827,19,5,0,5109,314.76040042499994,0.005,0.05,200,5000,3,5.0,True,4,2_36
