,TrueReward,ExpectedReward,NumActions,NumRepeatActions,NumImmediateRepeatActions,EnvSeed,Time,Tau,Cost,MaxActions,Steps,RolloutDepth,ExplorationCoeff,Discretize,Bins,EnvType
0,-101.36129213344493,-77.85677639208075,35,10,0,5110,899.413196773,0.005,0.05,200,5000,3,5.0,True,4,2_36
1,65.13617818026475,36.255803312366055,23,9,1,5111,561.4885234609999,0.005,0.05,200,5000,3,5.0,True,4,2_36
2,156.77399135998147,169.42152839825553,23,6,0,5112,523.9191238399999,0.005,0.05,200,5000,3,5.0,True,4,2_36
3,204.15411277530578,147.87896371223383,28,4,0,5113,646.20495028,0.005,0.05,200,5000,3,5.0,True,4,2_36
4,33.521698452468065,64.77418701227437,33,11,4,5114,743.0948613220003,0.005,0.05,200,5000,3,5.0,True,4,2_36
