,TrueReward,ExpectedReward,NumActions,NumRepeatActions,NumImmediateRepeatActions,EnvSeed,Time,Tau,Cost,MaxActions,Steps,RolloutDepth,ExplorationCoeff,Discretize,Bins,EnvType
0,151.12821479030757,151.6722971724119,14,1,0,5110,219.93452510199998,0.005,0.05,200,5000,0,0.5,True,4,5_90
1,151.65250497278097,159.08802987188952,19,4,0,5111,292.345811902,0.005,0.05,200,5000,0,0.5,True,4,5_90
2,314.88645369403713,365.17156298373607,15,0,0,5112,245.62097753700004,0.005,0.05,200,5000,0,0.5,True,4,5_90
3,280.1978844598893,254.29289288906529,10,0,0,5113,150.23448244999997,0.005,0.05,200,5000,0,0.5,True,4,5_90
4,236.00732604883132,177.740079662281,12,1,0,5114,191.3380099320001,0.005,0.05,200,5000,0,0.5,True,4,5_90
