,TrueReward,ExpectedReward,NumActions,NumRepeatActions,NumImmediateRepeatActions,EnvSeed,Time,Tau,Cost,MaxActions,Steps,RolloutDepth,ExplorationCoeff,Discretize,Bins,EnvType
0,73.47657002495149,96.02748733067645,13,1,0,5115,402.137200367,0.005,0.05,200,5000,0,0.5,True,4,5_90
1,119.58833437255004,124.08222475587917,39,10,0,5116,938.369524013,0.005,0.05,200,5000,0,0.5,True,4,5_90
2,169.80075245015982,211.99377579274392,21,0,0,5117,533.628545588,0.005,0.05,200,5000,0,0.5,True,4,5_90
3,190.74488142499902,168.0713288997358,18,2,0,5118,419.424303947,0.005,0.05,200,5000,0,0.5,True,4,5_90
4,146.4747912380691,166.55796689104355,14,0,0,5119,331.0063068329996,0.005,0.05,200,5000,0,0.5,True,4,5_90
