,TrueReward,ExpectedReward,NumActions,NumRepeatActions,NumImmediateRepeatActions,EnvSeed,Time,Tau,Cost,MaxActions,Steps,RolloutDepth,ExplorationCoeff,Discretize,Bins,EnvType
0,54.11421383531045,85.23016606636136,5,0,0,5115,98.60071868200001,0.005,0.05,200,5000,3,5.0,True,4,2_36
1,149.23836428144594,48.413602801120376,21,2,0,5116,387.577956137,0.005,0.05,200,5000,3,5.0,True,4,2_36
2,176.49841804540773,201.59041960427595,19,4,1,5117,336.406347289,0.005,0.05,200,5000,3,5.0,True,4,2_36
3,188.0211277000477,207.53268229359372,67,38,1,5118,1051.4130614839999,0.005,0.05,200,5000,3,5.0,True,4,2_36
4,53.37831113826691,38.24580911786009,32,8,0,5119,565.0422747330001,0.005,0.05,200,5000,3,5.0,True,4,2_36
