,TrueReward,ExpectedReward,NumActions,NumRepeatActions,NumImmediateRepeatActions,EnvSeed,Time,Tau,Cost,MaxActions,Steps,RolloutDepth,ExplorationCoeff,Discretize,Bins,EnvType
0,91.63865825990123,103.64342561202093,42,17,0,5120,638.320507611,0.005,0.05,200,5000,3,5.0,True,4,2_36
1,217.6311101174668,225.39061032016645,28,8,0,5121,402.7992210960001,0.005,0.05,200,5000,3,5.0,True,4,2_36
2,277.1298965288435,275.60286810889295,30,11,0,5122,404.2944917,0.005,0.05,200,5000,3,5.0,True,4,2_36
3,244.5318116477353,232.65969962026642,37,13,0,5123,503.62220487399986,0.005,0.05,200,5000,3,5.0,True,4,2_36
4,72.15722872965785,54.51976499983154,33,14,0,5124,449.08293305999996,0.005,0.05,200,5000,3,5.0,True,4,2_36
