,TrueReward,ExpectedReward,NumActions,NumRepeatActions,NumImmediateRepeatActions,EnvSeed,Time,Tau,Cost,MaxActions,Steps,RolloutDepth,ExplorationCoeff,Discretize,Bins,EnvType
0,499.50162296194213,490.4854282175009,201,198,198,5120,5295.153283667,0.005,0.05,200,5000,0,0.5,True,4,5_90
1,227.08153610300684,230.71768885375866,26,0,0,5121,405.1758391029998,0.005,0.05,200,5000,0,0.5,True,4,5_90
2,277.6798965288435,265.70167100471116,19,0,0,5122,298.22264636100044,0.005,0.05,200,5000,0,0.5,True,4,5_90
3,245.63181164773533,195.88714936159732,15,3,0,5123,227.3273481489996,0.005,0.05,200,5000,0,0.5,True,4,5_90
4,315.502927680317,323.37196785027163,11,0,0,5124,171.80985754500034,0.005,0.05,200,5000,0,0.5,True,4,5_90
