,TrueReward,ExpectedReward,NumActions,NumRepeatActions,NumImmediateRepeatActions,EnvSeed,Time,Tau,Cost,MaxActions,Steps,RolloutDepth,ExplorationCoeff,Discretize,Bins,EnvType
0,145.09173274957988,129.09451781978152,25,6,0,5125,380.942105541,0.005,0.05,200,5000,3,5.0,True,4,2_36
1,61.295933668177554,59.48560800556987,31,10,1,5126,495.47288178299993,0.005,0.05,200,5000,3,5.0,True,4,2_36
2,183.94735737708257,181.4410452541484,28,8,0,5127,403.255962413,0.005,0.05,200,5000,3,5.0,True,4,2_36
3,-70.3321694993719,37.98578114167485,19,4,0,5128,314.5202893160001,0.005,0.05,200,5000,3,5.0,True,4,2_36
4,65.10074998226543,66.86638517853036,31,13,0,5129,466.69413060500005,0.005,0.05,200,5000,3,5.0,True,4,2_36
