,TrueReward,ExpectedReward,NumActions,NumRepeatActions,NumImmediateRepeatActions,EnvSeed,Time,Tau,Cost,MaxActions,Steps,RolloutDepth,ExplorationCoeff,Discretize,Bins,EnvType
0,162.93154619552405,165.0286614614855,17,2,0,5125,478.665914654,0.005,0.05,200,5000,0,0.5,True,4,5_90
1,64.01956070860616,71.87332093827268,17,0,0,5126,523.317862959,0.005,0.05,200,5000,0,0.5,True,4,5_90
2,363.0729421255243,298.4624133969702,10,0,0,5127,276.726688609,0.005,0.05,200,5000,0,0.5,True,4,5_90
3,-6.960909371063788,-16.4152255243128,33,3,0,5128,882.9626604709999,0.005,0.05,200,5000,0,0.5,True,4,5_90
4,65.90074998226542,124.93815949880407,15,1,0,5129,410.4581538709999,0.005,0.05,200,5000,0,0.5,True,4,5_90
