,TrueReward,ExpectedReward,NumActions,NumRepeatActions,NumImmediateRepeatActions,EnvSeed,Time,Tau,Cost,MaxActions,Steps,RolloutDepth,ExplorationCoeff,Discretize,Bins,EnvType
0,130.84482717208454,107.39482409851888,22,6,0,5130,445.653412315,0.005,0.05,200,5000,3,5.0,True,4,2_36
1,99.44891936615792,84.28191851772786,8,0,0,5131,192.84041752000002,0.005,0.05,200,5000,3,5.0,True,4,2_36
2,85.93007309991317,88.61924777486928,40,13,1,5132,832.990355894,0.005,0.05,200,5000,3,5.0,True,4,2_36
3,140.02664491610483,164.32029973481448,16,0,0,5133,412.80533264400015,0.005,0.05,200,5000,3,5.0,True,4,2_36
4,240.4219680157647,217.84657523474044,24,5,0,5134,556.1313633129998,0.005,0.05,200,5000,3,5.0,True,4,2_36
