,TrueReward,ExpectedReward,NumActions,NumRepeatActions,NumImmediateRepeatActions,EnvSeed,Time,Tau,Cost,MaxActions,Steps,RolloutDepth,ExplorationCoeff,Discretize,Bins,EnvType
0,294.6803765823338,273.35180291602313,15,0,0,5130,320.964474572,0.005,0.05,200,5000,0,0.5,True,4,5_90
1,98.34891936615792,122.50788359549281,30,4,0,5131,535.234468741,0.005,0.05,200,5000,0,0.5,True,4,5_90
2,287.277237345264,271.5283181490652,19,0,0,5132,409.0283204860001,0.005,0.05,200,5000,0,0.5,True,4,5_90
3,138.17664491610483,167.5476531270817,53,14,0,5133,794.137622345,0.005,0.05,200,5000,0,0.5,True,4,5_90
4,310.4165263217169,317.3240792615607,20,6,0,5134,390.94359406700005,0.005,0.05,200,5000,0,0.5,True,4,5_90
