,TrueReward,ExpectedReward,NumActions,NumRepeatActions,NumImmediateRepeatActions,EnvSeed,Time,Tau,Cost,MaxActions,Steps,RolloutDepth,ExplorationCoeff,Discretize,Bins,EnvType
0,222.24632220577698,284.24372460260315,10,0,0,5135,153.676592793,0.005,0.05,200,5000,0,0.5,True,4,5_90
1,363.3008600409804,345.85987547092697,8,0,0,5136,123.88549668899998,0.005,0.05,200,5000,0,0.5,True,4,5_90
2,180.13490193611597,178.17440750173915,12,0,0,5137,177.82663092899998,0.005,0.05,200,5000,0,0.5,True,4,5_90
3,317.99445294542767,357.3410558329302,15,1,0,5138,259.13020642800006,0.005,0.05,200,5000,0,0.5,True,4,5_90
4,160.85719246474858,112.64867178665783,14,0,0,5139,228.83474067999998,0.005,0.05,200,5000,0,0.5,True,4,5_90
