,TrueReward,ExpectedReward,NumActions,NumRepeatActions,NumImmediateRepeatActions,EnvSeed,Time,Tau,Cost,MaxActions,Steps,RolloutDepth,ExplorationCoeff,Discretize,Bins,EnvType
0,125.17202276726175,99.74650904929165,27,6,0,5135,429.248668253,0.005,0.05,200,5000,3,5.0,True,4,2_36
1,182.9226398976172,190.34184086587535,26,6,1,5136,424.48420500300006,0.005,0.05,200,5000,3,5.0,True,4,2_36
2,25.771013324000535,75.67581804058565,21,5,0,5137,361.97537979599997,0.005,0.05,200,5000,3,5.0,True,4,2_36
3,138.8098191844311,131.6566851571013,30,7,0,5138,527.4711455639999,0.005,0.05,200,5000,3,5.0,True,4,2_36
4,58.485173253812604,73.24351098398643,37,12,0,5139,594.760655089,0.005,0.05,200,5000,3,5.0,True,4,2_36
