,TrueReward,ExpectedReward,NumActions,NumRepeatActions,NumImmediateRepeatActions,EnvSeed,Time,Tau,Cost,MaxActions,Steps,RolloutDepth,ExplorationCoeff,Discretize,Bins,EnvType
0,357.1763711096992,343.1641962358222,9,0,0,5140,273.498994142,0.005,0.05,200,5000,0,0.5,True,4,5_90
1,33.577469700800435,46.622568685489966,17,0,0,5141,478.42775157,0.005,0.05,200,5000,0,0.5,True,4,5_90
2,251.2132388267079,250.78674516877726,14,0,0,5142,420.74598457600007,0.005,0.05,200,5000,0,0.5,True,4,5_90
3,422.580928481341,415.5257356917878,8,0,0,5143,289.76012844699994,0.005,0.05,200,5000,0,0.5,True,4,5_90
4,252.24365989254358,280.51958591861796,11,0,0,5144,320.49398784699997,0.005,0.05,200,5000,0,0.5,True,4,5_90
