,TrueReward,ExpectedReward,NumActions,NumRepeatActions,NumImmediateRepeatActions,EnvSeed,Time,Tau,Cost,MaxActions,Steps,RolloutDepth,ExplorationCoeff,Discretize,Bins,EnvType
0,229.08200656550923,185.91033533282743,15,1,0,5140,246.358089943,0.005,0.05,200,5000,3,5.0,True,4,2_36
1,47.705340704884996,22.27474201602179,27,9,0,5141,403.072604714,0.005,0.05,200,5000,3,5.0,True,4,2_36
2,91.86890406747001,77.88844264328142,41,13,3,5142,630.2142939849999,0.005,0.05,200,5000,3,5.0,True,4,2_36
3,170.00687191753883,175.1262921532906,26,5,1,5143,443.1572900220001,0.005,0.05,200,5000,3,5.0,True,4,2_36
4,243.5640233933731,251.82937628255985,61,32,2,5144,849.1570029929999,0.005,0.05,200,5000,3,5.0,True,4,2_36
