,TrueReward,ExpectedReward,NumActions,NumRepeatActions,NumImmediateRepeatActions,EnvSeed,Time,Tau,Cost,MaxActions,Steps,RolloutDepth,ExplorationCoeff,Discretize,Bins,EnvType
0,-70.82068214478967,-71.39053478125211,25,4,0,5145,657.0614173,0.005,0.05,200,5000,3,5.0,True,4,2_36
1,33.86796385995239,66.93202442371862,13,1,0,5146,389.32007576399997,0.005,0.05,200,5000,3,5.0,True,4,2_36
2,97.05942160407304,86.1623733660078,26,6,0,5147,608.4959554260001,0.005,0.05,200,5000,3,5.0,True,4,2_36
3,172.70155155089017,196.1576766101812,27,9,0,5148,608.3243911300003,0.005,0.05,200,5000,3,5.0,True,4,2_36
4,45.934396261383,61.880848274838954,25,6,0,5149,576.392471613,0.005,0.05,200,5000,3,5.0,True,4,2_36
