,TrueReward,ExpectedReward,NumActions,NumRepeatActions,NumImmediateRepeatActions,EnvSeed,Time,Tau,Cost,MaxActions,Steps,RolloutDepth,ExplorationCoeff,Discretize,Bins,EnvType
0,212.76169138301077,258.2573217228466,8,0,0,5145,237.05860604,0.005,0.05,200,5000,0,0.5,True,4,5_90
1,59.77026212292117,64.61827589240387,31,3,0,5146,746.65700053,0.005,0.05,200,5000,0,0.5,True,4,5_90
2,338.9830878663469,327.85889844757503,15,1,0,5147,362.75539017999995,0.005,0.05,200,5000,0,0.5,True,4,5_90
3,173.1515515508902,181.9996873256244,18,2,0,5148,413.00240170999996,0.005,0.05,200,5000,0,0.5,True,4,5_90
4,126.01879083860332,113.76056015560958,7,0,0,5149,177.1458524499999,0.005,0.05,200,5000,0,0.5,True,4,5_90
