,TrueReward,ExpectedReward,NumActions,NumRepeatActions,NumImmediateRepeatActions,EnvSeed,Time,Tau,Cost,MaxActions,Steps,RolloutDepth,ExplorationCoeff,Discretize,Bins,EnvType
0,154.85084050630587,160.12389610050323,24,1,0,5150,332.27725119900003,0.005,0.05,200,5000,0,0.5,True,4,5_90
1,276.133478176746,279.3351523309803,13,0,0,5151,194.81177598200003,0.005,0.05,200,5000,0,0.5,True,4,5_90
2,378.7450304800795,379.37088414648645,19,0,0,5152,307.805683455,0.005,0.05,200,5000,0,0.5,True,4,5_90
3,313.9638535810056,279.0001042182581,11,1,0,5153,168.11866002499994,0.005,0.05,200,5000,0,0.5,True,4,5_90
4,340.06961043453725,323.85377911661243,21,4,1,5154,321.42165053200006,0.005,0.05,200,5000,0,0.5,True,4,5_90
