,TrueReward,ExpectedReward,NumActions,NumRepeatActions,NumImmediateRepeatActions,EnvSeed,Time,Tau,Cost,MaxActions,Steps,RolloutDepth,ExplorationCoeff,Discretize,Bins,EnvType
0,154.70084050630587,163.0914261435637,27,6,0,5150,595.369128407,0.005,0.05,200,5000,3,5.0,True,4,2_36
1,275.08347817674604,298.1981835592638,34,10,0,5151,716.8083756630001,0.005,0.05,200,5000,3,5.0,True,4,2_36
2,85.64809923334528,59.201842065156086,34,9,0,5152,711.7494782399999,0.005,0.05,200,5000,3,5.0,True,4,2_36
3,242.4479176743857,243.8397953183878,43,17,0,5153,846.4699186340001,0.005,0.05,200,5000,3,5.0,True,4,2_36
4,113.82603275079529,156.7935078168135,31,12,1,5154,481.2175608159996,0.005,0.05,200,5000,3,5.0,True,4,2_36
