,TrueReward,ExpectedReward,NumActions,NumRepeatActions,NumImmediateRepeatActions,EnvSeed,Time,Tau,Cost,MaxActions,Steps,RolloutDepth,ExplorationCoeff,Discretize,Bins,EnvType
0,103.7891522621635,105.10297411625534,24,7,0,5155,609.47681393,0.005,0.05,200,5000,3,5.0,True,4,2_36
1,94.83423158176146,107.73894918494868,17,3,0,5156,489.5321920209999,0.005,0.05,200,5000,3,5.0,True,4,2_36
2,-25.46176956566228,-28.376207258753706,49,22,1,5157,1193.1864516730002,0.005,0.05,200,5000,3,5.0,True,4,2_36
3,300.0018220257039,252.1249124951557,14,1,0,5158,392.8065953290002,0.005,0.05,200,5000,3,5.0,True,4,2_36
4,-91.01504814160715,34.95694507145064,12,0,0,5159,336.26640395799996,0.005,0.05,200,5000,3,5.0,True,4,2_36
