,TrueReward,ExpectedReward,NumActions,NumRepeatActions,NumImmediateRepeatActions,EnvSeed,Time,Tau,Cost,MaxActions,Steps,RolloutDepth,ExplorationCoeff,Discretize,Bins,EnvType
0,378.67640674559163,334.9108841276757,14,0,0,5155,319.654421582,0.005,0.05,200,5000,0,0.5,True,4,5_90
1,101.44229243295227,104.85213330731032,10,0,0,5156,229.660658371,0.005,0.05,200,5000,0,0.5,True,4,5_90
2,179.72907264021262,191.75471422858215,15,1,0,5157,322.97367474600003,0.005,0.05,200,5000,0,0.5,True,4,5_90
3,299.9518220257039,242.11416428215549,15,0,0,5158,335.85501849900015,0.005,0.05,200,5000,0,0.5,True,4,5_90
4,83.27050238825403,101.15026470353874,17,1,0,5159,386.4610227170001,0.005,0.05,200,5000,0,0.5,True,4,5_90
