,TrueReward,ExpectedReward,NumActions,NumRepeatActions,NumImmediateRepeatActions,EnvSeed,Time,Tau,Cost,MaxActions,Steps,RolloutDepth,ExplorationCoeff,Discretize,Bins,EnvType
0,156.14766493724048,151.48424750828997,29,9,0,5160,740.498965333,0.005,0.05,200,5000,3,5.0,True,4,2_36
1,-27.56646219686579,-23.94783503951953,34,11,3,5161,793.837826486,0.005,0.05,200,5000,3,5.0,True,4,2_36
2,161.75660930071425,166.30677710481132,44,16,2,5162,1012.979393545,0.005,0.05,200,5000,3,5.0,True,4,2_36
3,80.34738151824675,98.77680373008793,26,10,0,5163,611.918202453,0.005,0.05,200,5000,3,5.0,True,4,2_36
4,63.97962507324496,94.70202559936519,17,2,0,5164,420.91144160500016,0.005,0.05,200,5000,3,5.0,True,4,2_36
