,TrueReward,ExpectedReward,NumActions,NumRepeatActions,NumImmediateRepeatActions,EnvSeed,Time,Tau,Cost,MaxActions,Steps,RolloutDepth,ExplorationCoeff,Discretize,Bins,EnvType
0,381.65670311400226,364.6068365646937,15,0,0,5160,476.76915687,0.005,0.05,200,5000,0,0.5,True,4,5_90
1,143.00632385697386,101.09235410580722,20,2,1,5161,481.32522672,0.005,0.05,200,5000,0,0.5,True,4,5_90
2,235.0293473450156,256.5458991517379,24,1,1,5162,611.8725384200001,0.005,0.05,200,5000,0,0.5,True,4,5_90
3,317.75503769478104,226.75319742235152,21,3,1,5163,524.6816863700001,0.005,0.05,200,5000,0,0.5,True,4,5_90
4,193.2737669565663,167.4727679966916,16,1,1,5164,380.49324785,0.005,0.05,200,5000,0,0.5,True,4,5_90
