,TrueReward,ExpectedReward,NumActions,NumRepeatActions,NumImmediateRepeatActions,EnvSeed,Time,Tau,Cost,MaxActions,Steps,RolloutDepth,ExplorationCoeff,Discretize,Bins,EnvType
0,53.755438834973965,64.51238664635135,35,10,1,5165,948.478668986,0.005,0.05,200,5000,3,5.0,True,4,2_36
1,118.53700500009734,122.67256416374721,22,3,0,5166,598.9057774789999,0.005,0.05,200,5000,3,5.0,True,4,2_36
2,250.66507077498724,239.08190280653986,43,17,1,5167,1045.336647468,0.005,0.05,200,5000,3,5.0,True,4,2_36
3,22.93429555770702,2.0925485252015115,55,26,2,5168,1415.525172,0.005,0.05,200,5000,3,5.0,True,4,2_36
4,179.43576135454776,157.89545092143385,25,7,0,5169,674.6732878970001,0.005,0.05,200,5000,3,5.0,True,4,2_36
