,TrueReward,ExpectedReward,NumActions,NumRepeatActions,NumImmediateRepeatActions,EnvSeed,Time,Tau,Cost,MaxActions,Steps,RolloutDepth,ExplorationCoeff,Discretize,Bins,EnvType
0,151.92980151721108,157.48262017103667,14,0,0,5165,327.86687738899997,0.005,0.05,200,5000,0,0.5,True,4,5_90
1,156.423044498386,138.68011037563966,17,1,0,5166,372.14675170000004,0.005,0.05,200,5000,0,0.5,True,4,5_90
2,252.06507077498725,259.07517464599493,15,1,0,5167,316.938724538,0.005,0.05,200,5000,0,0.5,True,4,5_90
3,187.4141707865298,191.15369643207586,13,1,0,5168,384.6256713240001,0.005,0.05,200,5000,0,0.5,True,4,5_90
4,228.59212900826253,230.68709810090203,12,0,0,5169,387.2836971910001,0.005,0.05,200,5000,0,0.5,True,4,5_90
