,TrueReward,ExpectedReward,NumActions,NumRepeatActions,NumImmediateRepeatActions,EnvSeed,Time,Tau,Cost,MaxActions,Steps,RolloutDepth,ExplorationCoeff,Discretize,Bins,EnvType
0,86.72941338270715,90.0836184412949,22,4,1,5170,315.87885789300003,0.005,0.05,200,5000,3,5.0,True,4,2_36
1,50.56500440456861,73.03055800403658,31,8,0,5171,446.56312648100004,0.005,0.05,200,5000,3,5.0,True,4,2_36
2,132.97781898803416,175.57817595656,32,9,1,5172,493.23433388699993,0.005,0.05,200,5000,3,5.0,True,4,2_36
3,170.21321276901872,155.07310579537244,22,7,1,5173,327.74031081700014,0.005,0.05,200,5000,3,5.0,True,4,2_36
4,6.7705793594097265,-2.506136125620392,27,6,1,5174,422.3563930350001,0.005,0.05,200,5000,3,5.0,True,4,2_36
