,TrueReward,ExpectedReward,NumActions,NumRepeatActions,NumImmediateRepeatActions,EnvSeed,Time,Tau,Cost,MaxActions,Steps,RolloutDepth,ExplorationCoeff,Discretize,Bins,EnvType
0,84.43413032314817,113.69995393468471,20,2,1,5170,408.722944011,0.005,0.05,200,5000,0,0.5,True,4,5_90
1,320.24847675433745,315.28708378550795,20,0,0,5171,469.43692900599996,0.005,0.05,200,5000,0,0.5,True,4,5_90
2,118.15214792734706,174.83966476579045,11,0,0,5172,238.92974823499992,0.005,0.05,200,5000,0,0.5,True,4,5_90
3,308.43705234039464,278.06730353338725,4,0,0,5173,87.71933752200016,0.005,0.05,200,5000,0,0.5,True,4,5_90
4,127.74701096017563,175.7306362155136,18,4,0,5174,381.2571929379999,0.005,0.05,200,5000,0,0.5,True,4,5_90
