,TrueReward,ExpectedReward,NumActions,NumRepeatActions,NumImmediateRepeatActions,EnvSeed,Time,Tau,Cost,MaxActions,Steps,RolloutDepth,ExplorationCoeff,Discretize,Bins,EnvType
0,193.70866517824925,210.8336339153905,20,2,0,5175,443.419181726,0.005,0.05,200,5000,0,0.5,True,4,5_90
1,120.88813006998431,136.1491471950847,37,3,0,5176,795.0543936009999,0.005,0.05,200,5000,0,0.5,True,4,5_90
2,185.671570868223,169.10664213839965,35,6,0,5177,690.1241108669999,0.005,0.05,200,5000,0,0.5,True,4,5_90
3,406.9245028380004,414.232624190462,9,0,0,5178,254.66992188799986,0.005,0.05,200,5000,0,0.5,True,4,5_90
4,116.7619675224623,156.8622295326708,15,0,0,5179,316.37411107800017,0.005,0.05,200,5000,0,0.5,True,4,5_90
