,TrueReward,ExpectedReward,NumActions,NumRepeatActions,NumImmediateRepeatActions,EnvSeed,Time,Tau,Cost,MaxActions,Steps,RolloutDepth,ExplorationCoeff,Discretize,Bins,EnvType
0,137.5662176691089,97.22234717789608,31,10,1,5175,472.480437134,0.005,0.05,200,5000,3,5.0,True,4,2_36
1,88.60065018330742,103.18089968479215,32,11,1,5176,531.698262523,0.005,0.05,200,5000,3,5.0,True,4,2_36
2,186.521570868223,63.186338719916684,18,3,1,5177,295.07514463999996,0.005,0.05,200,5000,3,5.0,True,4,2_36
3,-57.256356633300925,-80.54420683400149,34,13,1,5178,542.962286786,0.005,0.05,200,5000,3,5.0,True,4,2_36
4,116.2619675224623,119.33597098306133,25,9,0,5179,418.860794746,0.005,0.05,200,5000,3,5.0,True,4,2_36
