,TrueReward,ExpectedReward,NumActions,NumRepeatActions,NumImmediateRepeatActions,EnvSeed,Time,Tau,Cost,MaxActions,Steps,RolloutDepth,ExplorationCoeff,Discretize,Bins,EnvType
0,286.1097798860978,296.9452502238938,10,0,0,5180,204.69556082300002,0.005,0.05,200,5000,0,0.5,True,4,5_90
1,321.69587036013274,292.4120498523537,14,0,0,5181,284.18753075999996,0.005,0.05,200,5000,0,0.5,True,4,5_90
2,300.0384083829181,307.649905050673,9,0,0,5182,181.15126696799996,0.005,0.05,200,5000,0,0.5,True,4,5_90
3,77.36195032999157,79.21076454781222,14,2,0,5183,263.845712177,0.005,0.05,200,5000,0,0.5,True,4,5_90
4,129.35238588871022,153.46198093671248,37,7,0,5184,594.5394792899999,0.005,0.05,200,5000,0,0.5,True,4,5_90
