,TrueReward,ExpectedReward,NumActions,NumRepeatActions,NumImmediateRepeatActions,EnvSeed,Time,Tau,Cost,MaxActions,Steps,RolloutDepth,ExplorationCoeff,Discretize,Bins,EnvType
0,142.7210460379454,138.24750223728915,19,4,0,5180,529.026091997,0.005,0.05,200,5000,3,5.0,True,4,2_36
1,62.65119272662039,63.15711898202465,29,9,0,5181,783.555644776,0.005,0.05,200,5000,3,5.0,True,4,2_36
2,83.86860204569905,62.91666429324136,60,29,1,5182,1470.4537592840002,0.005,0.05,200,5000,3,5.0,True,4,2_36
3,129.4151797389745,107.99420090909842,17,5,1,5183,456.17496488100005,0.005,0.05,200,5000,3,5.0,True,4,2_36
4,171.5230231097172,143.53804165718037,29,11,0,5184,757.3260351030003,0.005,0.05,200,5000,3,5.0,True,4,2_36
