,TrueReward,ExpectedReward,NumActions,NumRepeatActions,NumImmediateRepeatActions,EnvSeed,Time,Tau,Cost,MaxActions,Steps,RolloutDepth,ExplorationCoeff,Discretize,Bins,EnvType
0,-6.2699726106083435,-41.184294187229185,34,7,1,5185,615.631275407,0.005,0.05,200,5000,3,5.0,True,4,2_36
1,60.54264059989483,72.57189424920452,24,11,0,5186,416.75615851300006,0.005,0.05,200,5000,3,5.0,True,4,2_36
2,241.82352779260492,225.2961664634772,21,6,1,5187,430.82131917900006,0.005,0.05,200,5000,3,5.0,True,4,2_36
3,139.93189717186695,185.38449961554502,27,8,0,5188,459.8674795919999,0.005,0.05,200,5000,3,5.0,True,4,2_36
4,294.7953218595385,250.89658139505138,22,6,0,5189,407.41356734400006,0.005,0.05,200,5000,3,5.0,True,4,2_36
