,TrueReward,ExpectedReward,NumActions,NumRepeatActions,NumImmediateRepeatActions,EnvSeed,Time,Tau,Cost,MaxActions,Steps,RolloutDepth,ExplorationCoeff,Discretize,Bins,EnvType
0,216.72246037598865,232.36170074683793,13,0,0,5185,357.376708739,0.005,0.05,200,5000,0,0.5,True,4,5_90
1,214.79928449666284,239.5680511400704,21,0,0,5186,542.3690128820001,0.005,0.05,200,5000,0,0.5,True,4,5_90
2,267.36593957152303,257.654741165908,18,0,0,5187,500.721670484,0.005,0.05,200,5000,0,0.5,True,4,5_90
3,169.9104015355231,172.84046335596676,33,4,0,5188,798.3369969620003,0.005,0.05,200,5000,0,0.5,True,4,5_90
4,215.2429563590985,229.65771237494872,21,0,0,5189,599.8691828199999,0.005,0.05,200,5000,0,0.5,True,4,5_90
