,TrueReward,ExpectedReward,NumActions,NumRepeatActions,NumImmediateRepeatActions,EnvSeed,Time,Tau,Cost,MaxActions,Steps,RolloutDepth,ExplorationCoeff,Discretize,Bins,EnvType
0,128.4144438748301,128.18544093697813,43,18,1,5190,545.4049073369999,0.005,0.05,200,5000,3,5.0,True,4,2_36
1,42.03759119844676,54.200782801659145,11,0,0,5191,177.95142248599996,0.005,0.05,200,5000,3,5.0,True,4,2_36
2,195.5348268043559,191.54248565475174,15,1,0,5192,254.24510662299997,0.005,0.05,200,5000,3,5.0,True,4,2_36
3,218.2811791523926,229.85715303122035,25,8,0,5193,364.31690092299993,0.005,0.05,200,5000,3,5.0,True,4,2_36
4,206.30754566892986,209.37219601844762,31,10,1,5194,456.603805147,0.005,0.05,200,5000,3,5.0,True,4,2_36
