,TrueReward,ExpectedReward,NumActions,NumRepeatActions,NumImmediateRepeatActions,EnvSeed,Time,Tau,Cost,MaxActions,Steps,RolloutDepth,ExplorationCoeff,Discretize,Bins,EnvType
0,169.35064918010886,134.74007298497486,12,0,0,5190,267.239230609,0.005,0.05,200,5000,0,0.5,True,4,5_90
1,41.78759119844676,52.13624522797059,16,0,0,5191,329.66883771500005,0.005,0.05,200,5000,0,0.5,True,4,5_90
2,195.4848268043559,216.08222887913007,16,0,0,5192,373.309465898,0.005,0.05,200,5000,0,0.5,True,4,5_90
3,223.7404225429872,232.77616818380432,20,2,0,5193,464.92800807499987,0.005,0.05,200,5000,0,0.5,True,4,5_90
4,230.21859745336093,201.79381208441174,31,3,0,5194,639.6682448439999,0.005,0.05,200,5000,0,0.5,True,4,5_90
