,TrueReward,ExpectedReward,NumActions,NumRepeatActions,NumImmediateRepeatActions,EnvSeed,Time,Tau,Cost,MaxActions,Steps,RolloutDepth,ExplorationCoeff,Discretize,Bins,EnvType
0,-110.72496498219864,90.70799939835022,10,0,0,5195,179.928536559,0.005,0.05,200,5000,3,5.0,True,4,2_36
1,143.4243626991,132.97778345393928,25,7,0,5196,478.050929803,0.005,0.05,200,5000,3,5.0,True,4,2_36
2,250.19989929952854,228.80218380810015,37,11,0,5197,637.1801640770001,0.005,0.05,200,5000,3,5.0,True,4,2_36
3,148.90507900012312,156.09728873853462,42,18,1,5198,721.7890361679999,0.005,0.05,200,5000,3,5.0,True,4,2_36
4,110.81468917923897,108.57542718955861,19,6,2,5199,391.5181480320002,0.005,0.05,200,5000,3,5.0,True,4,2_36
