,TrueReward,ExpectedReward,NumActions,NumRepeatActions,NumImmediateRepeatActions,EnvSeed,Time,Tau,Cost,MaxActions,Steps,RolloutDepth,ExplorationCoeff,Discretize,Bins,EnvType
0,233.60113958019298,255.27738126487597,14,1,0,5195,311.907708503,0.005,0.05,200,5000,0,0.5,True,4,5_90
1,126.24446537169541,163.89333059437536,32,6,1,5196,668.4524173679999,0.005,0.05,200,5000,0,0.5,True,4,5_90
2,464.99497745346247,464.679647091773,201,196,196,5197,9283.827065539,0.005,0.05,200,5000,0,0.5,True,4,5_90
3,379.17744758855383,367.19847214074105,13,2,1,5198,329.56868209499953,0.005,0.05,200,5000,0,0.5,True,4,5_90
4,285.2286550071843,271.21709694178594,12,0,0,5199,283.5253232470004,0.005,0.05,200,5000,0,0.5,True,4,5_90
