{"W": 0.018286316255955063, "TrueReward": 119.58236376442999, "ExpectedReward": 121.14898049632086, "NumActions": 23.654, "NumRepeatActions": 7.13}