{"W": 0.4040768388809629, "TrueReward": 106.12061640120616, "ExpectedReward": 105.16822108159063, "NumActions": 10.58, "NumRepeatActions": 0.552}