{"W": 0.007556223393453305, "TrueReward": 156.88479728126535, "ExpectedReward": 156.7660584275385, "NumActions": 28.74, "NumRepeatActions": 9.066}