{"W": 0.3620224382925328, "TrueReward": 142.09709695372095, "ExpectedReward": 140.58413912478818, "NumActions": 12.08, "NumRepeatActions": 0.644}