{"W": 0.11918129794996793, "TrueReward": 189.60513150125357, "ExpectedReward": 189.99949557193358, "NumActions": 23.292, "NumRepeatActions": 5.076}