{"W": 0.18095018415587694, "TrueReward": 173.7353852989325, "ExpectedReward": 173.19691776325357, "NumActions": 15.08, "NumRepeatActions": 1.34}