{"W": 0.022690643238843605, "TrueReward": 32.17303362514587, "ExpectedReward": 33.013006349746476, "NumActions": 45.784, "NumRepeatActions": 26.49}