{"W": 0.020169094852645935, "TrueReward": 218.96008825321186, "ExpectedReward": 219.68303827388723, "NumActions": 28.794, "NumRepeatActions": 7.304}