{"W": 0.27682040176433226, "TrueReward": 202.3284876465296, "ExpectedReward": 201.44635178971933, "NumActions": 14.57, "NumRepeatActions": 0.88}