{"layout": {"0": [0, 0], "1": [-6.0, -1.2], "2": [-10.5, -2.4], "3": [-7.5, -2.4], "4": [-4.5, -2.4], "5": [-1.5, -2.4], "6": [-9.0, -3.5999999999999996], "7": [-3.0, -3.5999999999999996], "8": [-6.0, -4.8], "9": [-10.5, -6.0], "10": [-7.5, -6.0], "11": [-4.5, -6.0], "12": [-1.5, -6.0], "13": [-9.0, -7.199999999999999], "14": [-3.0, -7.199999999999999], "15": [-6.0, -8.4], "16": [6.0, -1.2], "17": [1.5, -2.4], "18": [4.5, -2.4], "19": [7.5, -2.4], "20": [10.5, -2.4], "21": [3.0, -3.5999999999999996], "22": [9.0, -3.5999999999999996], "23": [6.0, -4.8], "24": [1.5, -6.0], "25": [4.5, -6.0], "26": [7.5, -6.0], "27": [10.5, -6.0], "28": [3.0, -7.199999999999999], "29": [9.0, -7.199999999999999], "30": [6.0, -8.4]}, "initial": "0", "graph": {"0": {"left": [0, "1"], "up": [0, "16"]}, "1": {"left": [0, "2"], "up": [0, "3"], "right": [0, "4"], "farright": [0, "5"]}, "2": {"left": [0, "6"]}, "3": {"left": [0, "6"]}, "4": {"left": [0, "7"]}, "5": {"left": [0, "7"]}, "6": {"left": [0, "8"]}, "7": {"left": [0, "8"]}, "8": {"left": [0, "9"], "up": [0, "10"], "right": [0, "11"], "farright": [0, "12"]}, "9": {"left": [0, "13"]}, "10": {"left": [0, "13"]}, "11": {"left": [0, "14"]}, "12": {"left": [0, "14"]}, "13": {"left": [0, "15"]}, "14": {"left": [0, "15"]}, "15": {}, "16": {"left": [0, "17"], "up": [0, "18"], "right": [0, "19"], "farright": [0, "20"]}, "17": {"left": [0, "21"]}, "18": {"left": [0, "21"]}, "19": {"left": [0, "22"]}, "20": {"left": [0, "22"]}, "21": {"left": [0, "23"]}, "22": {"left": [0, "23"]}, "23": {"left": [0, "24"], "up": [0, "25"], "right": [0, "26"], "farright": [0, "27"]}, "24": {"left": [0, "28"]}, "25": {"left": [0, "28"]}, "26": {"left": [0, "29"]}, "27": {"left": [0, "29"]}, "28": {"left": [0, "30"]}, "29": {"left": [0, "30"]}, "30": {}}}